,sub-101,sub-102,sub-104,sub-105,sub-106,sub-107,group_mean,group_sem
L01,4.796172486506325e-14,1.2946096168381127e-13,-2.566922137315443e-13,2.898761792126202e-15,-6.026812112891931e-15,-2.537489377042306e-14,-1.7962078545643096e-14,4.82194500770761e-14
L03,4.2814368692184643e-14,-1.0474111676355623e-14,-4.1659877732586206e-14,2.4965826646477586e-14,5.876115297988173e-14,-3.656979349045822e-14,6.306260903190651e-15,1.5681929117742367e-14
L05,5.4203907365015176e-14,-4.26503095082137e-14,3.877916858700854e-14,1.3095077976713752e-14,8.607755338994417e-14,-3.35958504556022e-14,1.9318257892477626e-14,1.8805490699179713e-14
L07,4.9484090399807975e-14,-4.7318450495454115e-14,8.331286780078029e-14,-7.881428705571095e-14,9.241935566592838e-14,-1.8136753433827708e-13,-1.3713993003820918e-14,4.018965971707559e-14
L09,-1.0514613127139595e-14,-9.20242030336896e-14,-4.876043414759926e-13,-2.2028133032059938e-13,-1.6735249714252592e-13,-1.0752884692207288e-13,-1.8088430533700333e-13,6.193979807127617e-14
L11,3.013619869993995e-14,-1.4929591956901074e-13,-7.182352467947103e-14,-2.007414252862179e-13,9.451284605249811e-14,1.177429044488467e-13,-2.991148672223582e-14,4.889929787747187e-14
L13,-1.9551651757283853e-14,-6.13522722385e-14,1.2278795791554892e-13,4.8025815144720245e-14,1.419626821380939e-13,4.3861473796231234e-14,4.5955667499801745e-14,2.9314113815303076e-14
L15,3.8453767505045564e-14,6.30065132484991e-14,-8.537139163743831e-14,8.280034348624518e-14,1.0214395767557005e-13,-1.4982230926718134e-14,3.100849322520057e-14,2.607754449031918e-14
L17,6.893987940707473e-14,-5.74468086337826e-14,7.761379669895012e-14,8.163352545340483e-14,1.248133435433152e-13,-7.990222360666812e-14,3.5941918810382367e-14,3.115935012514302e-14
L18,4.569664140844505e-14,-7.461629487238797e-14,9.697010822526681e-14,-1.7085381151013364e-14,1.230736657915484e-13,-1.098599765998566e-13,1.0696460467000386e-14,3.491288472181259e-14
L20,3.477907827039847e-14,-1.281998330440103e-13,7.799523273767284e-14,-2.281067448132045e-13,1.1964652052115238e-13,-1.7667626500768777e-13,-5.009366855594647e-14,5.432266345909871e-14
L22,-3.0484042261151e-14,-1.5647175770124635e-13,-3.6526777009051595e-14,-4.108362104503616e-13,7.5388972091472e-14,-3.7438670786571406e-15,-9.377894706816595e-14,6.421834568723943e-14
L24,-9.126053974494569e-14,-1.4444138567981472e-13,1.0814324110780455e-13,-1.2539020951691075e-14,1.163130945678246e-13,8.632898614316073e-14,1.0424062573723066e-14,4.128944275497064e-14
L26,8.972565214649018e-14,1.3750010064618386e-13,-1.1948884831804538e-14,2.0898496763800185e-13,1.3621029881401238e-13,3.0420741702148365e-14,9.848214601917203e-14,2.9842517859807897e-14
L28,6.044027930239193e-14,-2.381607657070179e-14,9.35078431070024e-14,1.5720875347383642e-13,1.745797756074923e-13,-9.764662627502057e-14,6.071232477416677e-14,3.9290790960141173e-14
L30,2.015817645784575e-14,-1.6678193307664542e-13,1.1891407469122098e-13,-1.2874383475087494e-13,1.4812557740856798e-13,-2.252195394414394e-13,-3.8924579785220844e-14,5.833628268377756e-14
L31,-1.0807731098067747e-15,-2.1274807414458031e-13,1.3804952675032824e-13,-3.354996506052382e-13,1.5627523067335095e-13,-3.904768159624656e-13,-1.0758009273306863e-13,8.887160400238301e-14
L33,-2.6433285367430364e-13,-3.702858452806063e-13,-2.0688146800067934e-15,-4.549227658509218e-13,6.138652886459111e-14,-1.55876063840068e-13,-1.9768330241021925e-13,7.592686402860576e-14
L37,9.602743897988279e-14,-4.056461614466318e-14,1.7913325953307024e-13,3.7792115640795886e-13,2.268155240227615e-13,9.17813825173074e-15,1.4141848350845684e-13,5.708528647368289e-14
L38,7.556218614600392e-14,-1.8692081226649196e-13,2.0147559047219832e-13,1.4273836898075772e-13,2.256722046116352e-13,-3.4723488354585404e-13,1.8548775733041518e-14,8.677098775370765e-14
L40,-1.4649099371406e-13,-4.748601262314891e-13,2.885595846170895e-13,-4.0606485932055423e-13,2.0374951069936449e-13,-5.141034159868322e-13,-1.7486838332274691e-13,1.3096326150419911e-13
L42,-4.074515006734167e-13,-2.6948045696474053e-13,3.7123359153463713e-13,6.074656611257961e-14,1.5606768424541218e-13,-1.9567108377908504e-13,-4.7425866587435565e-14,1.0920037457057152e-13
L44,3.826362528918156e-13,3.1667323310415013e-13,3.431069949207388e-13,1.020822797091385e-12,1.1272890661035423e-13,5.048280359201778e-13,4.467993700897702e-13,1.1502114795617674e-13
L46,-1.467896528772791e-13,-4.858663779266018e-13,4.556350649693314e-13,1.9895506012300628e-13,2.7594352033053747e-13,-4.08173715111163e-13,-1.8382683415361475e-14,1.439061072744874e-13
L47,-7.55290577958251e-14,-1.5786870800049588e-13,3.739491295896858e-13,5.803692640300707e-13,8.079160197956111e-14,8.227080234010783e-14,1.473305053571841e-13,1.0413022065133556e-13
R01,-4.410513492488832e-14,5.553660973218841e-14,-2.632843858979219e-13,-2.4672935169916426e-14,-7.334928417274581e-14,-1.0371934664283716e-13,-7.559907951268687e-14,3.972247298182684e-14
R03,-1.2127820514455927e-14,4.245082566140553e-15,-8.255613798486738e-14,-1.3187857949677158e-14,6.142760043602166e-14,-3.50158278118712e-14,-1.286916020978491e-14,1.7607058920871142e-14
R05,2.8919857236943447e-14,-1.5222139963112123e-14,2.4789848896805214e-14,3.013504450948551e-14,5.889494520844603e-14,2.7807632771670112e-15,2.1716386527622512e-14,9.483125006768231e-15
R07,2.2222771858692108e-14,-6.139928666273959e-15,4.531461305441792e-14,-1.1573349507330324e-14,9.688918810328736e-14,-6.325628318304629e-15,2.3397944420748078e-14,1.5689391687129362e-14
R11,-1.011433143982952e-13,6.951300888001464e-15,1.1615190994354668e-13,-8.856507822374101e-14,1.024489046957133e-13,2.293546200388316e-13,4.4199723824009477e-14,4.801358493686246e-14
R13,4.948179955298308e-14,-2.1383338572577887e-14,2.944330757228442e-14,1.676081949539153e-14,6.580119022005362e-14,1.1784664442994689e-13,4.299173711634694e-14,1.7623706069565507e-14
R15,-6.024683625016768e-14,4.235100722289614e-14,-1.3999618045940714e-13,-1.0675754450960802e-14,-9.241769709664968e-14,-1.1390296856360027e-13,-6.248140493298157e-14,2.5400980174177088e-14
R17,-1.1053667926471875e-16,-3.0309198803357434e-14,3.5252128408271866e-14,8.963223214006493e-15,-9.54240129081681e-16,2.4834044592586986e-14,6.279236767193586e-15,8.535512639906278e-15
R18,-1.0273927975007993e-14,1.6212536825164523e-14,1.30280670705424e-14,6.569006806311318e-15,1.0864393625939595e-13,2.1796068064846992e-14,2.599594784187553e-14,1.5639266795293166e-14
R20,2.9095621260353334e-14,3.344598497529483e-14,8.156232890867552e-14,-1.7172990303564126e-14,9.492885706546776e-14,9.930728411274135e-14,5.3527847669828115e-14,1.7154976525361747e-14
R22,-5.2055121186001716e-14,1.1842233614063476e-13,1.3210216598702506e-13,-2.23070988161515e-14,6.496084099616265e-14,1.7765567233936048e-13,6.979646591017163e-14,3.384373531013627e-14
R24,-4.3165957223199544e-14,5.4878950907897045e-14,1.007921314628272e-13,-6.340825981389535e-14,6.710699133871251e-14,1.9693438619604199e-13,5.2189707144730637e-14,3.5745461194015066e-14
R26,-2.5952177403156487e-13,-5.91749234618869e-14,-2.215352589351761e-13,-7.18948203275048e-14,-2.167008855312637e-13,-2.5704962332928437e-13,-1.8097954760278012e-13,3.399843200850494e-14
R28,7.436399892266667e-14,2.1140405956316958e-14,-5.1204042868152095e-14,6.784881832608099e-14,-1.0359334596279829e-13,4.854422513087314e-14,9.516676584164563e-15,2.67430975394362e-14
R30,5.713749971310905e-14,1.0688170158828262e-13,1.68210973056555e-14,8.712408823930325e-14,-7.146826358023533e-14,2.1605039377332383e-13,6.875775283990648e-14,3.573889181316371e-14
R31,3.3660168953206797e-14,1.2018331716391954e-13,5.2778361550649513e-14,6.027645883047774e-14,2.5787966551466377e-14,1.5268132002122092e-13,7.422793217849015e-14,1.8939767718942513e-14
R33,7.3759200857574e-14,2.5149832036083037e-13,1.6875603416330536e-13,2.856998589748683e-14,-3.9227647718062294e-16,2.9083030781765e-13,1.3550359543661098e-13,4.4845953485492746e-14
R37,7.859803809743853e-16,3.7627393431722604e-14,-8.989533696377414e-14,9.330339938670185e-14,-2.1170757212221182e-13,7.308086910534309e-14,-1.613421113020734e-14,4.307685875169295e-14
R38,5.156971276868364e-15,1.1870766647058911e-13,1.561969939734825e-14,1.266853890001867e-13,-7.85887703085542e-14,1.9662178956077958e-13,6.40337908995363e-14,3.750764067120791e-14
R40,1.1840751182977057e-13,3.3822833018941265e-13,-5.5300018530199566e-14,1.3791917033752389e-13,-7.418295708106454e-14,2.6090066260822627e-13,1.2099544989227822e-13,6.151589796759875e-14
R42,3.6623235403775555e-14,2.9603328647187105e-14,3.39259474862132e-14,3.419067091376757e-14,-1.4324836953999208e-13,-6.885462982939894e-14,-1.295996948640793e-14,2.8279792991483887e-14
R44,-7.593096692121432e-14,-2.2377708206873206e-13,-1.1791706224213082e-13,1.2561450381344917e-13,-3.805259432996054e-13,-3.3462721294396937e-13,-1.6786062727703379e-13,6.936965301928336e-14
R46,1.302144247195786e-13,3.8419392820452914e-13,1.0826348129584866e-13,2.1474724853191478e-13,-1.5716437485302253e-13,3.653673137134216e-13,1.7427033693537836e-13,7.423145964711465e-14
R47,1.7557901122590394e-14,1.6928673932789696e-13,-1.4595303819061848e-14,1.2491354081112462e-13,-2.8213142832587337e-13,-5.362477771853371e-14,-6.432221433642828e-15,5.93970197472474e-14
